-- -------- < aula4exer6evolucao2 > --------
--
--                    SCRIPT DE POPULAÇÃO
--
-- Data Criacao ...........: 01/05/2024
-- Autor(es) ..............: Larissa de Jesus Vieira
-- Banco de Dados .........: MySQL 8.0
-- Base de Dados (nome) ...: Detran
--
-- 
-- Ultimas Alteracoes
--  Alteracao nos tipos de dados
--
-- ---------------------------------------------------------

INSERT INTO PROPRIETARIO VALUES( 05630678108, "Ryan Salles", "Gama", "Brasilia", "DF", "73030037", "M", '2003-09-19', 01);
INSERT INTO PROPRIETARIO VALUES( 26264481092, "Kaleb Silva", "Planaltina", "Brasilia", "DF", "73358420", "M", '1994-08-14', 02);
INSERT INTO PROPRIETARIO VALUES( 41401184235, "Jahne Doe", "Cruzeiro Novo", "Brasilia", "DF", "70658375", "F", '2003-04-23', 03);
INSERT INTO PROPRIETARIO VALUES( 65252731101, "Maria das Graças Ferreira", "Taguatinga Norte", "Brasilia", "DF", "72160403", "F", '1968-10-11', 04);
INSERT INTO PROPRIETARIO VALUES( 97923764026, "Glória Amorim", "São Sebastião", "Brasilia", "DF", "71691419", "F", '1984-07-03', 05);
INSERT INTO PROPRIETARIO VALUES( 47100499046, "Joaquim Grezzo", "Samambaia", "Brasilia", "DF", "72318590", "M", '1990-02-04', 06);


INSERT INTO TELEFONES 	 VALUES(01, "6134368743");
INSERT INTO TELEFONES	 VALUES(02, "6135497420");
INSERT INTO TELEFONES	 VALUES(03, "61997425928");
INSERT INTO TELEFONES    VALUES(04, "61973313896");
INSERT INTO TELEFONES    VALUES(05, "61979745709");
INSERT INTO TELEFONES    VALUES(06, "61992204684");

INSERT INTO MODELO 		 VALUES(01, "F250 TROPICAMPO");
INSERT INTO MODELO  	 VALUES(02, "EcoSport SE");
INSERT INTO MODELO 		 VALUES(03, "F-1000 XLT");
INSERT INTO MODELO 		 VALUES(04, "HR-V EX");
INSERT INTO MODELO 		 VALUES(05, "Cayman GTS");
INSERT INTO MODELO 		 VALUES(06, "Supra");

INSERT INTO CATEGORIA 	 VALUES( 01, "CAMINHONETE");
INSERT INTO CATEGORIA 	 VALUES( 02, "SUV");
INSERT INTO CATEGORIA 	 VALUES( 03, "SEDAN");
INSERT INTO CATEGORIA    VALUES( 04, "CAMINHAO")
INSERT INTO CATEGORIA    VALUES( 05, "HATCHBACK")
INSERT INTO CATEGORIA    VALUES( 06, "MOTOCICLETA")

INSERT INTO VEICULO 	 VALUES( "JHC8087", "8sbUj9Zr83AKw7228", "Azul", 2007, 01, 01, 05630678108);
INSERT INTO VEICULO  	 VALUES( "JKP0472", "935fCGPKugg9W0599", "Laranja", 2013, 02, 02, 26264481092);
INSERT INTO VEICULO 	 VALUES( "JGE5750", "8hxWpsFe6sM2X7308", "Dourado", 1996, 03, 01,  41401184235);
INSERT INTO VEICULO      VALUES( "LZS2771", "3u21nDOEawdw90123", "Preto", 2005, 05, 03, 65252731101);
INSERT INTO VEICULO      VALUES( "MUD0912", "3zOpk8Fj43LOm8205", "Preto", 1992, 06, 03, 97923764026);
INSERT INTO VEICULO      VALUES( "GWQ3941", "3nIo9013MP1239sAd", "Verde", 2016, 04, 05, 47100499046);

INSERT INTO LUGAR        VALUES(01, -15.762386, -47.884068, 80);
INSERT INTO LUGAR        VALUES(02, -15.759749, -47.892356, 80);
INSERT INTO LUGAR        VALUES(03, -15.934768, -47.983119, 80);
INSERT INTO LUGAR        VALUES(04, -16.003872, -48.059618, 60);
INSERT INTO LUGAR        VALUES(05, -15.680391, -47.868854, 60);
INSERT INTO LUGAR        VALUES(06, -15.660260, -47.796426, 60);

INSERT INTO AGENTE		 VALUES(01, "Joao Pereira", '2010-03-04');
INSERT INTO AGENTE 		 VALUES(02, "Carlos Mydia Merlin", '2015-08-22');
INSERT INTO AGENTE       VALUES(03, "Matheus do Egito", '2024-03-15');
INSERT INTO AGENTE       VALUES(04, "Oliver Tsubasa", '2019-06-12');
INSERT INTO AGENTE       VALUES(05, "Taka Akara Nomuro", '1995-07-28' );
INSERT INTO AGENTE       VALUES(06, "Mussoline Domingues Pacheco", '2004-04-13' );

INSERT INTO INFRACAO     VALUES('20120618 10:34:13 AM', 0, 01 , 01 , 01 , "JHC8087");
INSERT INTO INFRACAO     VALUES('20150830 03:50:17 PM', 0, 02 , 01 , 01 , "JHC8087");
INSERT INTO INFRACAO     VALUES('20180914 05:28:30 AM', 0, 03 , 01 , 01 , "JHC8087");
INSERT INTO INFRACAO     VALUES('20160314 11:08:48 PM', 167, 04 , 01 , 04 , "MUD0912");
INSERT INTO INFRACAO     VALUES('20200914 10:58:32 PM', 253, 05 , 01 , 04 , "MUD0912");
INSERT INTO INFRACAO     VALUES('20230914 11:05:08 PM', 320, 06 , 01 , 06 , "MUD0912");

INSERT INTO MULTA        VALUES(01, "Estacionado em lugar inadequado", 500.00);
INSERT INTO MULTA        VALUES(02, "Estacionado em lugar inadequado", 500.00);
INSERT INTO MULTA        VALUES(03, "Estacionado em lugar inadequado", 500.00);
INSERT INTO MULTA        VALUES(04, "Velocidade Excessiva acima de 50pcento", 880,41);
INSERT INTO MULTA        VALUES(05, "Velocidade Excessiva acima de 50pcento", 880,41);
INSERT INTO MULTA        VALUES(06, "Velocidade Excessiva acima de 50pcento", 880,41);
